Current / A,V1  -sample/ uV,time/s
-0.019546,-5.174858,0
-0.018871,-5.243648,0.203
-0.019546,-5.394856,0.249
-0.019624,-5.612126,0.294
-0.019265,-5.885162,0.34
-0.0196,-6.201968,0.386
-0.019642,-6.540268,0.431
-0.019331,-6.88283,0.477
-0.019439,-7.191721,0.523
-0.019481,-7.403723,0.569
-0.019719,-7.492466,0.615
-0.019319,-7.43352,0.661
-0.019504,-7.21856,0.707
-0.004484,-6.873204,0.752
0.03594,-6.494959,0.798
0.0603,-6.147722,0.844
0.163078,-5.456936,0.89
0.193318,-5.38186,1.046
0.222896,-5.357073,1.091
0.47447,-5.372159,1.137
0.506421,-5.667941,1.515
0.536687,-5.546893,1.561
0.567139,-5.483161,1.607
0.59832,-5.48042,1.653
0.627953,-5.402337,1.699
0.658481,-5.318906,1.745
0.689412,-5.28012,1.79
0.719163,-5.296533,1.836
0.750834,-5.342659,1.882
0.780774,-5.396214,1.927
0.893464,-5.692564,1.973
0.924085,-5.933335,2.144
0.955151,-6.109794,2.19
1.066954,-6.101917,2.236
1.096756,-5.329713,2.403
1.126834,-5.177247,2.449
1.156889,-5.069613,2.495
1.188406,-5.013038,2.541
1.219323,-4.997701,2.586
1.250274,-5.028942,2.632
1.280344,-5.084096,2.678
1.310054,-5.171235,2.724
1.34062,-5.238314,2.77
1.371178,-5.304816,2.816
1.401808,-5.387498,2.861
1.433918,-5.485369,2.907
1.464021,-5.563254,2.953
1.493733,-5.59759,2.999
1.524614,-5.634639,3.044
1.628304,-5.634436,3.09
1.658988,-5.692877,3.247
1.690577,-5.766636,3.293
1.798787,-5.851921,3.338
1.829906,-6.080044,3.503
1.861153,-6.119776,3.549
1.892082,-6.126636,3.595
1.923585,-6.119203,3.641
1.953159,-6.104654,3.686
1.982197,-6.097527,3.732
2.013595,-6.095955,3.778
2.043558,-6.091016,3.824
2.074839,-6.079101,3.87
2.105572,-6.059567,3.916
2.136205,-5.999967,3.961
2.166344,-5.871434,4.007
2.196396,-5.754285,4.053
2.226847,-5.737306,4.098
2.257299,-5.788348,4.144
2.361906,-5.902615,4.19
2.392297,-5.990804,4.346
2.423112,-5.997839,4.392
2.533304,-5.97327,4.437
2.564576,-5.455335,4.603
2.595318,-5.363409,4.649
2.625101,-5.343386,4.695
2.655554,-5.322991,4.741
2.685502,-5.290543,4.786
2.716009,-5.282473,4.832
2.747219,-5.29786,4.878
2.778661,-5.311231,4.924
2.809263,-5.315682,4.97
2.839462,-5.303377,5.016
2.869724,-5.297395,5.062
2.90018,-5.285148,5.108
2.930355,-5.261164,5.153
2.961017,-5.239549,5.199
2.991916,-5.221914,5.245
3.267152,-5.099412,5.29
3.297797,-5.052179,5.703
3.327926,-5.058863,5.749
3.358412,-5.092761,5.795
3.388811,-5.114507,5.841
3.419516,-5.144569,5.886
3.450505,-5.178904,5.932
3.481652,-5.227364,5.978
3.510941,-5.304297,6.024
3.541302,-5.387403,6.069
3.571361,-5.450264,6.115
3.601985,-5.502333,6.161
3.632519,-5.584316,6.207
3.664082,-5.690942,6.253
3.695364,-5.811177,6.299
3.726038,-5.951459,6.345
3.828775,-6.230027,6.39
3.859017,-6.157988,6.546
3.888782,-6.068624,6.592
4.142076,-6.004633,6.638
4.172138,-5.552465,7.015
4.202737,-5.539879,7.061
4.2334,-5.557464,7.107
4.264036,-5.61854,7.153
4.294913,-5.69747,7.199
4.326076,-5.76328,7.244
4.357261,-5.803889,7.29
4.387056,-5.820757,7.336
4.417314,-5.832234,7.381
4.446957,-5.826793,7.427
4.5615,-5.62343,7.473
4.592736,-5.573364,7.645
4.623485,-5.527194,7.691
4.733829,-5.482451,7.736
4.764938,-5.273317,7.903
4.795475,-5.189624,7.949
4.826261,-5.033312,7.995
4.856646,-4.977173,8.04
4.887127,-4.987565,8.086
4.916774,-5.002333,8.131
4.947536,-5.008884,8.177
4.977759,-5.008668,8.223
5.009199,-5.020579,8.269
5.039888,-5.056724,8.315
5.070955,-5.111175,8.361
5.100769,-5.16688,8.406
5.130556,-5.213372,8.452
5.16099,-5.250371,8.498
5.191671,-5.2629,8.544
5.296447,-5.157778,8.59
5.327147,-5.040096,8.746
5.357975,-4.899614,8.792
5.468165,-4.797678,8.838
5.498714,-4.771994,9.003
5.529577,-4.677925,9.049
5.559697,-4.563029,9.095
5.589609,-4.532984,9.141
5.619772,-4.595062,9.186
5.650648,-4.730878,9.232
5.681996,-4.914872,9.278
5.713282,-5.118922,9.324
5.743457,-5.315379,9.369
5.773694,-5.471522,9.415
5.803649,-5.567282,9.461
5.834171,-5.564051,9.507
5.864409,-5.514958,9.553
5.895425,-5.478923,9.599
5.927258,-5.49374,9.644
6.030473,-5.552107,9.69
6.060768,-5.484739,9.846
6.091089,-5.454463,9.892
6.202322,-5.358492,9.938
6.23254,-4.656234,10.103
6.262532,-4.545228,10.149
6.29245,-4.478151,10.195
6.322512,-4.474967,10.24
6.354338,-4.486776,10.286
6.385254,-4.478984,10.332
6.415175,-4.43622,10.378
6.445323,-4.406987,10.424
6.475353,-4.431823,10.469
6.505731,-4.491652,10.515
6.536596,-4.587154,10.561
6.568147,-4.6938,10.607
6.599341,-4.784498,10.653
6.629652,-4.842477,10.699
6.660078,-4.874626,10.744
6.935171,-4.965756,10.79
6.96546,-4.89655,11.203
6.996143,-4.952327,11.249
7.026434,-5.074289,11.295
7.058356,-5.233637,11.34
7.088641,-5.381169,11.386
7.118867,-5.498931,11.432
7.148379,-5.589741,11.478
7.178908,-5.66773,11.523
7.20926,-5.74033,11.569
7.24007,-5.801486,11.615
7.270855,-5.858438,11.661
7.30166,-5.906551,11.707
7.332362,-5.942567,11.752
7.361876,-5.969384,11.798
7.3923,-6.005792,11.844
7.495825,-6.281381,11.89
7.527102,-6.370149,12.046
7.557979,-6.421237,12.092
7.80925,-6.413355,12.138
7.839371,-4.97091,12.516
7.869998,-4.881162,12.562
7.900929,-4.844597,12.608
7.932215,-4.802515,12.653
7.962225,-4.754878,12.699
7.993031,-4.705468,12.745
8.023158,-4.658512,12.791
8.053337,-4.618496,12.837
8.083619,-4.596693,12.883
8.114208,-4.607907,12.928
8.229177,-4.67977,12.974
8.259537,-4.622209,13.145
8.290818,-4.556502,13.191
8.401885,-4.484798,13.237
8.43289,-4.283042,13.403
8.463152,-4.334454,13.449
8.493108,-4.398916,13.495
8.523439,-4.443235,13.541
8.553546,-4.449418,13.587
8.584288,-4.42077,13.633
8.615296,-4.379964,13.678
8.646411,-4.380185,13.724
8.676188,-4.452643,13.77
8.706872,-4.560324,13.815
8.736889,-4.661666,13.861
8.767611,-4.726363,13.907
8.797864,-4.763138,13.953
8.828933,-4.778157,13.999
8.860687,-4.798416,14.045
8.963109,-5.118574,14.091
8.993578,-5.252691,14.246
9.023121,-5.403008,14.292
9.13387,-5.551976,14.338
9.164717,-5.938093,14.503
9.194534,-5.988728,14.549
9.224826,-6.013781,14.595
9.255217,-6.02767,14.641
9.286074,-6.025381,14.687
9.3178,-6.029565,14.733
9.34824,-6.024858,14.778
9.378779,-6.010207,14.824
9.408831,-5.965782,14.87
9.439048,-5.871171,14.916
9.470081,-5.743998,14.962
9.500586,-5.580501,15.007
9.531854,-5.400187,15.053
9.562334,-5.236949,15.099
9.592752,-5.071951,15.145
9.695472,-4.432329,15.191
9.725704,-4.237629,15.346
9.756889,-4.111893,15.392
9.86702,-4.020243,15.438
9.897521,-3.985523,15.603
9.927883,-3.911804,15.649
9.958978,-3.733452,15.695
9.98983,-3.488749,15.741
10.02059,-3.254502,15.787
10.051035,-3.085652,15.832
10.080513,-2.997485,15.878
10.110706,-2.971761,15.924
10.141444,-3.001909,15.97
10.171533,-3.092596,16.016
10.202383,-3.241456,16.062
10.23345,-3.40716,16.107
10.264135,-3.523181,16.153
10.294297,-3.611846,16.199
10.324693,-3.698157,16.245
10.599874,-3.517668,16.291
10.630575,-3.620502,16.703
10.66126,-3.743874,16.749
10.69222,-3.878932,16.795
10.722397,-3.990015,16.841
10.752179,-4.076689,16.886
10.782497,-4.114684,16.932
10.812862,-4.106433,16.978
10.843984,-4.062455,17.023
10.875184,-3.989829,17.069
10.905835,-3.915094,17.115
10.935919,-3.863203,17.161
10.966266,-3.845065,17.206
10.996324,-3.86273,17.252
11.025695,-3.904747,17.298
11.056777,-3.954843,17.344
11.161404,-3.988037,17.39
11.191838,-3.960422,17.545
11.222116,-3.912573,17.591
11.474184,-3.864478,17.637
11.504964,-3.365888,18.016
11.53571,-3.31268,18.062
11.566493,-3.258569,18.108
11.596016,-3.224325,18.153
11.626702,-3.20033,18.199
11.656998,-3.181515,18.245
11.687412,-3.149183,18.291
11.717758,-3.113848,18.337
11.748815,-3.068748,18.382
11.780068,-3.005654,18.429
11.893501,-2.85148,18.474
11.924438,-2.889699,18.645
11.954255,-2.956054,18.691
12.066326,-3.068475,18.737
12.096775,-3.427243,18.904
12.127043,-3.473301,18.95
12.158319,-3.519093,18.995
12.18878,-3.556202,19.041
12.219088,-3.592293,19.087
12.250291,-3.625967,19.133
12.281102,-3.641408,19.179
12.311034,-3.627335,19.225
12.341143,-3.582377,19.271
12.371932,-3.543529,19.316
12.402142,-3.557166,19.362
12.432441,-3.585561,19.408
12.464277,-3.588104,19.454
12.495145,-3.571914,19.499
12.525379,-3.563878,19.545
12.627994,-3.7664,19.591
12.657941,-3.864024,19.746
12.689073,-3.91666,19.792
12.799502,-3.911922,19.838
12.830055,-3.645688,20.004
12.860523,-3.525257,20.049
12.891232,-3.421986,20.095
12.922706,-3.322606,20.141
12.953392,-3.228867,20.187
12.984125,-3.164829,20.233
13.013459,-3.137701,20.279
13.043726,-3.147816,20.324
13.074016,-3.139372,20.37
13.105237,-3.103978,20.416
13.136398,-3.059676,20.462
13.167349,-3.033338,20.508
13.197679,-3.014499,20.553
13.22781,-3.002993,20.599
13.257327,-3.009289,20.645
13.360708,-3.095168,20.691
13.392559,-3.078827,20.846
13.423801,-3.054485,20.892
13.533103,-3.020663,20.938
13.563555,-3.010219,21.104
13.594131,-3.014488,21.15
13.625372,-3.060779,21.195
13.655805,-3.127441,21.241
13.685887,-3.187293,21.287
13.715424,-3.243938,21.333
13.745903,-3.290225,21.378
13.776864,-3.324265,21.424
13.808106,-3.3238,21.47
13.838554,-3.316015,21.516
13.869368,-3.318398,21.561
13.899217,-3.289962,21.607
13.929638,-3.227853,21.653
13.959766,-3.171325,21.699
13.990123,-3.114424,21.745
14.267117,-2.687903,21.79
14.297092,-2.827098,22.204
14.32785,-3.015864,22.25
14.35807,-3.225683,22.295
14.388196,-3.430927,22.341
14.418285,-3.62898,22.387
14.449052,-3.8216,22.433
14.480137,-4.012913,22.479
14.511521,-4.181456,22.524
14.541344,-4.323663,22.57
14.571528,-4.431823,22.616
14.602132,-4.492211,22.662
14.632846,-4.522126,22.708
14.663323,-4.519592,22.754
14.694461,-4.4991,22.799
14.725484,-4.475299,22.845
14.827671,-4.365228,22.891
14.857925,-4.339324,23.046
14.888256,-4.326083,23.092
15.140291,-4.329818,23.138
15.171283,-4.023619,23.516
15.202153,-3.894027,23.562
15.231472,-3.790056,23.608
15.262092,-3.738351,23.654
15.293217,-3.76069,23.699
15.324111,-3.843689,23.745
15.354077,-3.931907,23.791
15.385971,-3.994695,23.837
15.416308,-4.000351,23.883
15.446376,-3.939954,23.928
15.55977,-3.533957,23.974
15.590277,-3.432433,24.145
15.621222,-3.329863,24.191
15.731951,-3.226394,24.237
15.762583,-2.894688,24.404
15.793109,-2.90075,24.45
15.823808,-2.960346,24.496
15.85475,-3.030757,24.541
15.885282,-3.081735,24.587
15.915925,-3.107034,24.633
15.946203,-3.094496,24.679
15.977425,-3.01281,24.725
16.007617,-2.899103,24.771
16.038356,-2.832584,24.817
16.068748,-2.81027,24.862
16.100046,-2.734301,24.908
16.130033,-2.605344,24.953
16.159952,-2.48645,24.999
16.190056,-2.402889,25.045
16.293393,-2.167931,25.091
16.325145,-2.015953,25.247
16.356136,-1.87633,25.293
16.465454,-1.760274,25.338
16.496722,-1.569845,25.504
16.527135,-1.631461,25.55
16.558055,-1.713131,25.596
16.588526,-1.786431,25.641
16.618806,-1.843812,25.687
16.648046,-1.88447,25.733
16.678749,-1.914552,25.779
16.709427,-1.933893,25.825
16.740954,-1.96637,25.871
16.771888,-2.026027,25.916
16.802059,-2.104928,25.962
16.832322,-2.173924,26.008
16.862846,-2.212383,26.054
16.893269,-2.228707,26.1
16.923924,-2.209747,26.145
17.028448,-2.132281,26.191
17.059063,-2.126919,26.347
17.089456,-2.132628,26.392
17.19938,-2.171052,26.438
17.229645,-2.317098,26.604
17.260519,-2.315463,26.65
17.290187,-2.279234,26.696
17.32093,-2.236039,26.741
17.351053,-2.196106,26.787
17.381898,-2.149572,26.833
17.413093,-2.095394,26.879
17.444259,-2.047334,26.925
17.474265,-2.006526,26.971
17.50477,-1.976177,27.017
17.534707,-1.946218,27.062
17.565429,-1.926393,27.108
17.595629,-1.900944,27.154
17.626403,-1.874639,27.2
17.657444,-1.858136,27.245
17.933115,-1.644817,27.291
17.962821,-1.632666,27.704
17.993415,-1.610601,27.75
18.024375,-1.592798,27.796
18.054164,-1.567271,27.842
18.085622,-1.555157,27.887
18.116681,-1.54955,27.933
18.14728,-1.546704,27.979
18.176521,-1.550878,28.025
18.206798,-1.553422,28.071
18.236802,-1.561411,28.116
18.267822,-1.553769,28.162
18.298781,-1.536312,28.208
18.330386,-1.525748,28.254
18.360586,-1.524199,28.299
18.390644,-1.528812,28.345
18.494019,-1.574631,28.391
18.524557,-1.630419,28.546
18.555581,-1.697695,28.593
18.808482,-1.730211,28.638
18.838916,-1.566877,29.016
18.868524,-1.523043,29.062
18.899346,-1.504208,29.108
18.929951,-1.500791,29.154
18.96087,-1.460434,29.2
18.991381,-1.352818,29.246
19.022291,-1.229515,29.292
19.052201,-1.155246,29.337
19.082349,-1.143183,29.383
19.112255,-1.174222,29.429
19.225841,-1.274227,29.475
19.257295,-1.256954,29.646
19.28781,-1.220431,29.692
19.398356,-1.209539,29.737
19.429747,-1.334431,29.904
19.460527,-1.35887,29.95
19.491489,-1.363688,29.996
19.521764,-1.352645,30.042
19.551616,-1.333868,30.088
19.582123,-1.307599,30.133
19.612482,-1.256714,30.179
19.643168,-1.193484,30.225
19.67467,-1.146407,30.271
19.705116,-1.146781,30.317
19.735604,-1.213618,30.363
19.765863,-1.34488,30.408
19.795865,-1.489722,30.454
19.826106,-1.588013,30.499
19.856446,-1.651676,30.545
19.961584,-1.687026,30.591
19.991924,-1.747719,30.747
20.022268,-1.818621,30.793
20.133853,-1.874265,30.838
20.163653,-1.891254,31.004
20.194556,-1.847552,31.051
20.224633,-1.818268,31.096
20.255132,-1.790498,31.142
20.285375,-1.752498,31.188
20.316014,-1.717496,31.234
20.347046,-1.683982,31.28
20.37805,-1.658783,31.325
20.408175,-1.635575,31.371
20.438617,-1.625379,31.417
20.468464,-1.627798,31.463
20.498961,-1.641869,31.508
20.529215,-1.676478,31.554
20.560164,-1.732151,31.6
20.591672,-1.804754,31.646
20.695877,-2.14934,31.692
20.725954,-2.222543,31.848
20.755827,-2.267798,31.894
20.86619,-2.290253,31.94
20.896432,-2.221621,32.105
20.92648,-2.174706,32.15
20.957414,-2.122302,32.196
20.98756,-2.066193,32.242
21.018958,-2.007873,32.288
21.049719,-1.938082,32.334
21.080996,-1.856293,32.379
21.110438,-1.768106,32.425
21.140678,-1.699237,32.471
21.171189,-1.670354,32.516
21.201417,-1.697534,32.562
21.232432,-1.811994,32.608
21.263417,-1.992435,32.654
21.293774,-2.189199,32.7
21.323703,-2.383089,32.745
21.599315,-3.220837,32.791
21.629647,-3.085238,33.204
21.660467,-2.993432,33.25
21.691397,-2.950901,33.296
21.722356,-2.890701,33.342
21.752423,-2.784005,33.388
21.782953,-2.636903,33.434
21.811929,-2.497069,33.479
21.84255,-2.40461,33.525
21.873654,-2.419473,33.571
21.904624,-2.474414,33.617
21.93526,-2.528744,33.663
21.966179,-2.58528,33.708
21.996384,-2.607486,33.754
22.026375,-2.569183,33.8
22.056173,-2.459557,33.846
22.160624,-1.698042,33.892
22.191569,-1.551822,34.047
22.222378,-1.447003,34.093
22.473767,-1.395901,34.138
22.504086,-0.910505,34.517
22.534547,-0.8498,34.563
22.565772,-0.823262,34.608
22.596852,-0.808137,34.654
22.627294,-0.787223,34.7
22.657486,-0.780676,34.746
22.687544,-0.787983,34.792
22.718005,-0.80012,34.838
22.747991,-0.823534,34.884
22.779011,-0.885493,34.929
22.893403,-1.248664,34.975
22.92395,-1.278953,35.146
22.954306,-1.28044,35.192
23.066584,-1.260821,35.238
23.096924,-1.137425,35.405
23.126997,-1.052436,35.45
23.157431,-0.957651,35.496
23.187308,-0.859905,35.542
23.217842,-0.771643,35.588
23.248536,-0.706371,35.634
23.279715,-0.678819,35.68
23.31066,-0.673313,35.726
23.341093,-0.673712,35.772
23.371173,-0.682236,35.817
23.401523,-0.704303,35.863
23.432149,-0.731829,35.909
23.462228,-0.761474,35.955
23.493755,-0.769593,36.001
23.524697,-0.751196,36.047
23.628932,-0.555196,36.092
23.659161,-0.503261,36.248
23.689082,-0.452803,36.294
23.799407,-0.385266,36.34
23.829401,-0.425104,36.504
23.859682,-0.375941,36.55
23.889519,-0.300206,36.596
23.920429,-0.249277,36.642
23.95142,-0.291904,36.687
23.982504,-0.396735,36.733
24.012938,-0.477125,36.779
24.042892,-0.501246,36.824
24.07295,-0.463794,36.87
24.103541,-0.409814,36.916
24.134212,-0.381984,36.962
24.16441,-0.390975,37.007
24.195447,-0.396654,37.053
24.226146,-0.45442,37.099
24.256192,-0.543113,37.145
24.359623,-0.996549,37.191
24.390128,-1.047681,37.347
24.421446,-1.045833,37.392
24.532201,-1.023429,37.438
24.562144,-0.550815,37.605
24.593383,-0.43029,37.65
24.623521,-0.320386,37.696
24.654656,-0.146647,37.742
24.684958,0.016452,37.788
24.715509,0.186406,37.833
24.745461,0.318003,37.88
24.776113,0.385173,37.925
24.80662,0.471524,37.971
24.837498,0.554103,38.017
24.868374,0.639125,38.063
24.89929,0.694651,38.108
24.929495,0.668828,38.154
24.959734,0.555454,38.2
24.990064,0.392069,38.246
25.264801,-0.066847,38.292
25.296536,-0.138153,38.705
25.327472,-0.198124,38.751
25.358438,-0.245496,38.796
25.388134,-0.28344,38.842
25.418378,-0.231374,38.888
25.448567,-0.076342,38.934
25.479331,0.044726,38.979
25.510232,0.083287,39.025
25.5412,0.197778,39.071
25.571346,0.323444,39.117
25.602328,0.388647,39.163
25.632541,0.327184,39.209
25.662334,0.196652,39.254
25.692962,0.044746,39.3
25.723784,-0.108906,39.346
25.828859,-0.743577,39.392
25.859255,-0.934113,39.548
25.889609,-1.106355,39.594
26.139938,-1.252309,39.64
26.170994,-0.955754,40.017
26.2023,-0.869104,40.063
26.233516,-0.803763,40.109
26.263612,-0.789208,40.155
26.293662,-0.81995,40.2
26.323612,-0.911893,40.246
26.353993,-1.040615,40.292
26.384709,-1.187441,40.338
26.415843,-1.2836,40.383
26.4462,-1.302516,40.429
26.559108,-1.118836,40.475
26.590265,-1.096533,40.646
26.619921,-1.081579,40.692
26.73258,-1.025196,40.738
26.763218,-0.308982,40.905
26.79302,-0.088126,40.951
26.823552,0.128011,40.997
26.854038,0.305531,41.042
26.885513,0.420177,41.088
26.915861,0.431728,41.134
26.945865,0.354898,41.179
26.976239,0.236262,41.225
27.006787,0.14251,41.271
27.037075,0.093165,41.317
27.067363,0.06786,41.363
27.09812,0.036304,41.409
27.129207,-0.017284,41.454
27.159832,-0.110823,41.5
27.190326,-0.231914,41.546
27.293975,-0.551466,41.592
27.32405,-0.570301,41.747
27.355161,-0.559249,41.793
27.465153,-0.521683,41.839
27.495737,-0.230492,42.005
27.526192,-0.110163,42.05
27.55669,-0.022975,42.096
27.587958,0.058626,42.142
27.618402,0.108048,42.188
27.648792,0.095513,42.234
27.67839,0.022161,42.28
27.70908,-0.067461,42.326
27.739794,-0.036094,42.371
27.770962,-0.015697,42.417
27.801032,-0.014351,42.463
27.832182,-0.027561,42.509
27.862305,-0.027021,42.554
27.891502,0.022994,42.6
27.922259,0.118586,42.646
28.026412,0.226204,42.692
28.057634,0.231811,42.847
28.089699,0.240032,42.893
28.199125,0.252218,42.94
28.230412,0.0818,43.105
28.261067,0.055679,43.15
28.291359,0.038804,43.197
28.321515,0.028043,43.242
28.351837,0.011735,43.288
28.381551,-0.033846,43.334
28.412101,-0.114502,43.38
28.442955,-0.22452,43.425
28.474104,-0.318789,43.471
28.504556,-0.406391,43.517
28.534531,-0.493928,43.563
28.564871,-0.567743,43.609
28.595647,-0.623377,43.654
28.625818,-0.638028,43.7
28.656751,-0.625113,43.746
28.933123,-0.445444,43.792
28.963066,-0.183143,44.205
28.993608,-0.110061,44.251
29.023661,-0.041304,44.297
29.054712,0.023478,44.342
29.085022,0.163229,44.389
29.115571,0.307173,44.434
29.146553,0.39155,44.48
29.177204,0.442046,44.526
29.207413,0.510079,44.572
29.237623,0.699596,44.617
29.268314,0.873666,44.663
29.29891,0.936248,44.709
29.329436,0.920366,44.755
29.360562,0.967283,44.801
29.391953,1.061066,44.847
29.494821,1.033705,44.893
29.524851,0.942168,45.048
29.554775,0.838114,45.094
29.807701,0.703447,45.14
29.838046,0.589055,45.517
29.868678,0.629494,45.563
29.898006,0.666768,45.608
29.928204,0.683628,45.654
29.95937,0.701958,45.7
29.989941,0.770985,45.745
30.020924,0.831375,45.791
30.051435,0.898084,45.837
30.081541,1.01349,45.883
30.111777,1.112159,45.929
30.225923,0.883822,45.974
30.256207,0.739652,46.146
30.287892,0.644732,46.192
30.398251,0.59686,46.238
30.42871,0.747944,46.405
30.459396,0.826139,46.451
30.490255,0.915679,46.497
30.521079,1.004208,46.542
30.552026,1.084728,46.588
30.581784,1.173686,46.634
30.611331,1.28616,46.68
30.64217,1.392175,46.725
30.672635,1.461793,46.771
30.704104,1.49831,46.817
30.734421,1.52562,46.862
30.764996,1.547728,46.908
30.794871,1.56925,46.954
30.825117,1.588606,46.999
30.855219,1.612318,47.045
30.960521,1.831744,47.091
30.991735,1.871398,47.248
31.022207,1.874835,47.293
31.131748,1.851687,47.339
31.162173,1.843845,47.505
31.19278,1.856586,47.551
31.223621,1.946921,47.597
31.253754,2.09643,47.643
31.284069,2.24632,47.688
31.31501,2.294738,47.734
31.345562,2.289347,47.78
31.376334,2.316067,47.826
31.407396,2.383998,47.872
31.438307,2.552541,47.917
31.467961,2.720241,47.963
31.497911,2.837227,48.009
31.527992,2.922183,48.055
31.55829,2.957756,48.1
31.589688,2.908727,48.146
31.694137,2.68427,48.192
31.724291,2.620535,48.347
31.75456,2.514539,48.393
31.865833,2.418845,48.439
31.896506,2.44345,48.605
31.926949,2.485468,48.651
31.957055,2.500296,48.697
31.987656,2.517377,48.743
32.017315,2.552541,48.789
32.048525,2.629335,48.835
32.07927,2.692783,48.88
32.109948,2.720959,48.926
32.139622,2.74682,48.971
32.169678,2.780874,49.017
32.200119,2.825386,49.063
32.230411,2.884722,49.109
32.261483,2.951763,49.154
32.292724,3.016608,49.2
32.323466,3.086891,49.246
32.598841,3.749746,49.292
32.628991,3.978019,49.705
32.659394,4.121871,49.751
32.690124,4.253007,49.797
32.720585,4.380991,49.843
32.752203,4.473967,49.889
32.782637,4.474411,49.935
32.813159,4.427284,49.98
32.843659,4.377458,50.027
32.8745,4.325215,50.072
32.904523,4.241885,50.118
32.935111,4.174933,50.163
32.966294,4.250457,50.209
32.996921,4.367359,50.255
33.027574,4.508971,50.301
33.057121,4.692314,50.346
33.161335,5.379995,50.392
33.191523,5.494448,50.549
33.222326,5.582428,50.595
33.47414,5.579298,50.64
33.504363,5.195042,51.017
33.533902,5.264614,51.063
33.564709,5.340547,51.109
33.595262,5.385446,51.155
33.626438,5.400583,51.201
33.656991,5.380864,51.247
33.687694,5.345739,51.292
33.717179,5.30268,51.338
33.747279,5.245252,51.384
33.777667,5.157314,51.43
33.893883,4.880519,51.476
33.924898,4.926544,51.647
33.954813,5.037439,51.692
34.064967,5.197835,51.738
34.096254,5.988259,51.905
34.126854,6.054634,51.951
34.157641,6.086946,51.997
34.187995,6.15176,52.043
34.217637,6.246282,52.089
34.247634,6.371434,52.134
34.278306,6.485831,52.18
34.309797,6.595592,52.226
34.340703,6.66211,52.271
34.370638,6.711908,52.317
34.401111,6.76444,52.363
34.431533,6.835255,52.409
34.461802,6.946069,52.455
34.492041,7.018449,52.501
34.523151,7.021085,52.546
34.626555,7.167377,52.592
34.657127,7.3214,52.748
34.6875,7.498386,52.794
34.798764,7.647528,52.839
34.829121,8.13557,53.005
34.859575,8.365616,53.051
34.889859,8.666589,53.097
34.920328,8.995124,53.143
34.950762,9.273998,53.189
34.981922,9.502101,53.235
35.012645,9.645183,53.28
35.043232,9.80503,53.326
35.073851,9.939665,53.371
35.104224,10.00082,53.418
35.134454,10.000698,53.463
35.164911,9.952732,53.509
35.195699,9.906758,53.555
35.227002,9.893413,53.601
35.257547,9.940626,53.647
35.360221,10.451486,53.692
35.390744,10.640774,53.848
35.420698,10.839533,53.894
35.531428,11.045989,53.94
35.562004,11.648341,54.105
35.592811,11.774086,54.151
35.623326,11.87713,54.197
35.654298,11.987113,54.243
35.685646,12.141725,54.289
35.71658,12.318549,54.334
35.74653,12.480239,54.38
35.776545,12.585099,54.426
35.806695,12.620806,54.472
35.837014,12.627809,54.518
35.867848,12.62927,54.563
35.898897,12.645319,54.609
35.930053,12.665583,54.655
35.960353,12.691689,54.701
35.990391,12.72281,54.747
36.264775,13.982794,54.793
36.295255,14.473337,55.205
36.326493,14.720266,55.251
36.356804,14.9205,55.297
36.38773,15.085868,55.343
36.417772,15.380722,55.388
36.448563,15.773915,55.434
36.478402,16.071829,55.48
36.509124,16.243149,55.526
36.539935,16.443207,55.571
36.570638,16.749197,55.617
36.60143,17.15014,55.663
36.631779,17.559445,55.709
36.661714,17.885815,55.754
36.691714,18.104484,55.8
36.722206,18.22141,55.846
36.826712,18.397745,55.891
36.857673,18.493001,56.047
36.887696,18.621753,56.093
37.139302,18.783443,56.138
37.169852,20.094882,56.518
37.200463,20.273436,56.564
37.231846,20.455376,56.609
37.262476,20.616199,56.655
37.292902,20.804403,56.701
37.323275,21.025615,56.747
37.353471,21.239654,56.793
37.383836,21.410899,56.839
37.414497,21.544182,56.884
37.445707,21.644634,56.93
37.559261,22.073565,56.976
37.589438,22.205736,57.147
37.61953,22.335081,57.192
37.732311,22.501191,57.239
37.762411,23.279477,57.405
37.79245,23.478307,57.451
37.822446,23.613725,57.497
37.853045,23.722578,57.543
37.883526,23.871469,57.589
37.914402,24.104444,57.635
37.945596,24.434469,57.68
37.976495,24.740213,57.726
38.006499,25.005613,57.772
38.036642,25.23161,57.818
38.066949,25.410285,57.864
38.097352,25.566798,57.909
38.128236,25.714042,57.955
38.159327,25.889193,58.001
38.190065,26.103665,58.046
38.292597,26.945055,58.092
38.323715,27.173163,58.248
38.353534,27.393966,58.293
38.465432,27.571977,58.339
38.495271,28.454559,58.505
38.526062,28.745242,58.551
38.556412,28.991137,58.597
38.587288,29.273434,58.643
38.618433,29.581151,58.689
38.649355,29.875923,58.735
38.679405,30.07811,58.78
38.708936,30.273262,58.826
38.739317,30.511947,58.872
38.769624,30.809205,58.918
38.800788,31.104621,58.963
38.831802,31.364028,59.009
38.862144,31.625358,59.055
38.892921,31.89511,59.101
38.923074,32.153407,59.147
39.026567,33.612626,59.193
39.057035,34.039633,59.348
39.088272,34.328333,59.394
39.196874,34.609342,59.44
39.228073,35.611152,59.605
39.25896,35.89467,59.651
39.289564,36.205594,59.697
39.32014,36.564701,59.743
39.351181,37.009137,59.789
39.381515,37.432359,59.834
39.411193,37.753178,59.88
39.442034,38.043819,59.926
39.472637,38.234782,59.972
39.503794,38.344703,60.018
39.534616,38.480767,60.063
39.565369,38.67341,60.109
39.595646,38.854998,60.155
39.625254,39.023233,60.2
39.655753,39.207654,60.246
39.931386,42.161764,60.292
39.96288,42.95682,60.705
39.993103,43.358011,60.752
40.023579,43.739211,60.797
40.054405,44.104132,60.843
40.084421,44.411953,60.889
40.113991,44.676852,60.935
40.144863,44.920992,60.981